{
  "project_info": {
    "project_number": "9124831442",
    "project_id": "assignment2shop",
    "storage_bucket": "assignment2shop.appspot.com"
  },
  "client": [
    {
      "client_info": {
        "mobilesdk_app_id": "1:9124831442:android:5f3eb48cb2edc511170d0b",
        "android_client_info": {
          "package_name": "com.example.assignment2"
        }
      },
      "oauth_client": [
        {
          "client_id": "9124831442-0qqcbgddli3jpho1h9nejbcgb6es07d3.apps.googleusercontent.com",
          "client_type": 3
        }
      ],
      "api_key": [
        {
          "current_key": "AIzaSyBa-3Mx73xo7JC7Wh5gqTJPN7JEpwzyA0c"
        }
      ],
      "services": {
        "appinvite_service": {
          "other_platform_oauth_client": [
            {
              "client_id": "9124831442-0qqcbgddli3jpho1h9nejbcgb6es07d3.apps.googleusercontent.com",
              "client_type": 3
            }
          ]
        }
      }
    }
  ],
  "configuration_version": "1"
}